field,original_text,word_count,unique_words,categorical_diversity,quantum_circuit_qubits,von_neumann_entropy,superposition_strength,quantum_coherence,semantic_interference,frame_competition,emotional_intensity,multiple_reality_strength,analysis_version,record_id,data_source
新聞標題,"鄭文燦撤告 國民黨議員誹謗案獲不起訴Cheng Wen-tsan Drops Lawsuit, KMT Members Cleared",19,19,8,4,3.9999999999769167,3.75,0.9375,0.0,1.0,0.0,1.7,fast_qiskit_v1.0,159,AI_Generated
影片對話,"A：笑死，這就是「怕被法院認證」的最佳示範嘛！當初誣告要告得要死，現在一被抓到自己收賄，馬上縮了！

B：不只是縮了，還是 2800萬交保，這個數字擺在那邊，怎麼看都不對勁啊！這麼會關心警界人事，結果...",326,175,27,4,3.9999999999769167,3.75,0.9375,0.018697783898835616,1.0,0.0,1.7056093351696506,fast_qiskit_v1.0,159,AI_Generated
影片描述,前行政院副院長鄭文燦因被指控涉及im.B詐騙案與警界人事安排，對國民黨多名議員提告誹謗。然而，他去年因華亞科土地案收賄遭起訴後，主動撤回告訴，台北地檢署因此對國民黨議員做出不起訴處分。 事件起源於20...,219,134,26,4,3.9999999999769167,3.75,0.9375,0.01489409423949563,1.0,0.0,1.7044682282718486,fast_qiskit_v1.0,159,AI_Generated
新聞標題,"川普嗆鮑爾「大魯蛇」 美股崩跌971點Trump Slams Powell as “Loser”, Dow Plunges 971pts",22,21,5,4,3.9999999999769167,3.75,0.9375,0.002061430632859205,1.0,0.0,1.7006184291898576,fast_qiskit_v1.0,264,AI_Generated
影片對話,"名嘴A（資深財經評論員）：
這根本是「金融版的宮鬥劇」！川普公開嗆鮑爾是「大魯蛇」，還說他是「慢半拍先生」，你有聽過哪一國元首用這種詞羞辱自己任命的央行總裁？更扯的是，他這不是發牢騷，是在逼聯準會就範...",371,213,31,4,3.9999999999769167,3.75,0.9375,0.012158461739819135,1.0,0.0,1.7036475385219456,fast_qiskit_v1.0,264,AI_Generated
影片描述,美國總統川普近日在Truth Social上批評聯準會主席鮑爾行動遲緩，直呼他是「大魯蛇」、「太慢先生」，並要求聯準會立即降息。川普強調通膨已消退，應該盡快行動以防經濟放緩。市場對聯準會獨立性產生疑慮...,789,458,25,4,3.9999999999769167,3.75,0.9375,0.005163198794546076,1.0,0.0,1.7015489596383637,fast_qiskit_v1.0,264,AI_Generated
新聞標題,劉沛失言遭批性別歧視 緊急發文道歉Liu Pei Criticized for Ageist Remark,14,14,5,4,3.9999999999769167,3.75,0.9375,0.0,1.0,0.0,1.7,fast_qiskit_v1.0,254,AI_Generated
影片對話," 名嘴A（資深媒體人）：
來，我們今天要聊的，是百萬YouTuber劉沛那句惹火的話——「是不是比較老的女人很愛插隊？」聽起來像情緒發言，但實際上卻踩中了兩個字：歧視。

👨‍🦱 名嘴B（評論作家）：...",531,247,31,4,3.9999999999769167,3.75,0.9375,0.017928570262193723,1.0,0.0,1.705378571078658,fast_qiskit_v1.0,254,AI_Generated
影片描述,百萬YouTuber劉沛近日因一則Threads貼文引發爭議，他在文中抱怨遭遇插隊事件，卻以「是不是比較老的女人很愛插隊？」做出發言，迅速被網友批評帶有性別與年齡歧視。劉沛事後刪文並公開致歉，承認言語...,1570,666,30,4,3.9999999999769167,3.75,0.9375,0.007724554760762944,1.0,0.0,1.7023173664282287,fast_qiskit_v1.0,254,AI_Generated
新聞標題,聯發科推出 Breeze 2：繁體中文 AI 重大突破！MediaTek Unveils Breeze 2: A Breakthrough in Traditional Chinese AI!,22,19,7,4,3.9999999999769167,3.75,0.9375,0.006043817678166708,1.0,0.0,1.70181314530345,fast_qiskit_v1.0,9,AI_Generated
影片對話,"A 名嘴： 聯發科技最近發表的 Breeze 2 你們看了沒？這款 AI 模型號稱是目前最強的繁體中文大語言模型，還支援 視覺理解 跟 函數調用，這技術可是相當有突破性！

B 名嘴： 我覺得這很值得...",445,234,28,4,3.9999999999769167,3.75,0.9375,0.019021793107071125,1.0,0.0044943820224719105,1.7061559761343685,fast_qiskit_v1.0,9,AI_Generated
影片描述,聯發科技（MediaTek）今日正式發表 Breeze 2 AI，這是一款專為繁體中文設計的大型語言模型（LLM），並具備 視覺理解（Vision-Aware） 和 函數調用（Function-Cal...,282,159,24,4,3.9999999999769167,3.75,0.9375,0.014582475949056017,1.0,0.0035460992907801418,1.7047293527137948,fast_qiskit_v1.0,9,AI_Generated
新聞標題,柯文哲3000萬交保 北檢不滿將抗告Ko Wen-je Released on $3 Million Bail; Prosecutors to Appeal,23,23,8,4,3.9999999999769167,3.75,0.9375,0.0,1.0,0.0,1.7,fast_qiskit_v1.0,77,AI_Generated
影片對話,"名嘴A： 我覺得啦，3000萬這金額根本是「象徵意義大於實際效果」。以柯文哲的身家，這錢拿得出來，但問題是，他在這案子裡面的角色，難道真有這麼大的嫌疑？

名嘴B： 我倒覺得3000萬對一般人來說是天...",305,165,27,4,3.9999999999769167,3.75,0.9375,0.01874241671559108,1.0,0.0,1.7056227250146774,fast_qiskit_v1.0,77,AI_Generated
影片描述,台北地檢署偵辦京華城案，指控前市長柯文哲涉及重大貪污與圖利案件，並起訴11人，包括柯文哲本人。法院裁定柯文哲以新台幣3000萬元交保，並限制其出境與接觸證人。此案引發社會高度關注，不少人質疑交保金額是...,85,66,18,4,3.9999999999769167,3.75,0.9375,0.011680980932317828,1.0,0.0,1.7035042942796954,fast_qiskit_v1.0,77,AI_Generated
新聞標題,中華女足主場賽取消 草皮遭疑不合格Taiwan vs NZ Match Canceled Over Turf,16,16,5,4,3.9999999999769167,3.75,0.9375,0.0,1.0,0.0,1.7,fast_qiskit_v1.0,234,AI_Generated
影片對話,"名嘴A（體育評論員）：
這次紐西蘭女足來台比賽喊卡，表面理由是「場地安全」，但實際上就是我們的基礎設施不及格。高雄楠梓足球場是國訓中心的場地耶，5年才一次的主場國際賽，結果草皮還要連夜補，這像話嗎？
...",313,172,28,4,3.9999999999769167,3.75,0.9375,0.015369135721407133,1.0,0.0,1.7046107407164222,fast_qiskit_v1.0,234,AI_Generated
影片描述,原訂於2025年4月8日舉行的中華女足國際邀請賽，因場地草皮狀況未達標準，紐西蘭隊考量球員安全，決定取消比賽。這是中華女足睽違5年首度主場迎戰世界級對手，賽事取消引發社會關注。 中華足協表示，已於賽前...,797,422,24,4,3.9999999999769167,3.75,0.9375,0.016839705182478137,1.0,0.0,1.7050519115547433,fast_qiskit_v1.0,234,AI_Generated
新聞標題,"「蓋錯選票？黃珊珊事件引發政治角力討論」""Voting Mistake? Shan-Shan Huang Incident Ignites Political Tug-of-War Debate""",30,26,6,4,3.9999999999769167,3.75,0.9375,0.006903353057199211,1.0,0.0,1.7020710059171598,fast_qiskit_v1.0,93,AI_Generated
影片對話,"名嘴A： 我跟你講，這次黃珊珊的「蓋錯票事件」，真的太戲劇化了！不小心蓋下同意又蓋不同意，這事發生在立委身上，誰信啊？

名嘴B： 欸，你冷靜一下，先聽她的說法。黃珊珊不是也道歉了嗎？現場還立刻向院長...",414,233,30,4,3.9999999999769167,3.75,0.9375,0.016279932510059995,1.0,0.0024154589371980675,1.7051255256467377,fast_qiskit_v1.0,93,AI_Generated
影片描述,近日立法院針對考試院人事同意權案進行投票，民眾黨團決議反對特定人選。然而，民眾黨立委黃珊珊卻因一時疏忽，將「同意」與「不同意」選項同時蓋章，引發外界廣泛討論。黃珊珊事後公開道歉，強調這只是操作失誤，但...,123,89,21,4,3.9999999999769167,3.75,0.9375,0.012333172189189378,1.0,0.0,1.7036999516567568,fast_qiskit_v1.0,93,AI_Generated
新聞標題,"台鐵高層共識營專業訓練還是豪華旅遊？""Taiwan Railways Leadership Workshop: Professional Training or Luxurious Getaway?""",23,22,8,4,3.9999999999769167,3.75,0.9375,0.0018864534674811362,1.0,0.0,1.7005659360402443,fast_qiskit_v1.0,109,AI_Generated
影片對話,"主持人A： 各位觀眾，台鐵共識營的事件近日引發熱議，很多人認為這是「爽了高層，苦了基層」。台鐵澄清活動全程是上課，並非豪華旅遊，但坊間仍存有不少疑問。今天我們請到兩位專家來討論這個議題。

名嘴B： ...",336,206,24,4,3.9999999999769167,3.75,0.9375,0.015169341843627828,1.0,0.005952380952380952,1.7051460406483263,fast_qiskit_v1.0,109,AI_Generated
影片描述,近日，台灣鐵路公司舉辦的「高層共識營」引發熱議。該活動於花蓮舉行，參與的46位主管入住當地知名酒店，活動費用高達百萬元。儘管台鐵表示活動以經營管理課程為主，外界仍對高規格住宿及地點選擇提出質疑。 台鐵...,161,115,20,4,3.9999999999769167,3.75,0.9375,0.011644612476370504,1.0,0.012422360248447204,1.704735619767756,fast_qiskit_v1.0,109,AI_Generated
新聞標題,"曹興誠遭爆婚外情 回應：AI照可造假Cao Xingcheng’s Affair Exposed, Calls AI Photos Fake",20,19,5,4,3.9999999999769167,3.75,0.9375,0.0024930747922437668,1.0,0.0,1.7007479224376731,fast_qiskit_v1.0,5,AI_Generated
影片對話," A： 你怎麼看這個爆料？曹董這次回應好像沒有正面否認欸？

🗣 B： 這就是關鍵啊！一般來說，遇到這種指控，第一時間應該要直接否認，結果他說什麼「真假沒意義」，這種講法讓人更懷疑。

🗣 A： 但是...",383,185,30,4,3.9999999999769167,3.75,0.9375,0.021340575633144968,1.0,0.0,1.7064021726899434,fast_qiskit_v1.0,5,AI_Generated
影片描述,資深媒體人謝寒冰於今（17）日爆料，指稱聯華電子（聯電）創辦人曹興誠在2015年與一名小他近40歲的中國女子單忠華發生婚外情，並公開疑似兩人親密照。曹興誠隨後回應，強調AI時代任何圖片都可能被造假，並...,255,156,29,4,3.9999999999769167,3.75,0.9375,0.012674034110685696,1.0,0.0,1.7038022102332058,fast_qiskit_v1.0,5,AI_Generated
新聞標題,"艾普斯坦名單公布落空 美政壇信任危機Epstein List Falls Short, U.S. Trust Crisis Deepens",20,19,8,4,3.9999999999769167,3.75,0.9375,0.0024930747922437668,1.0,0.0,1.7007479224376731,fast_qiskit_v1.0,172,AI_Generated
影片對話,"A名嘴：「本來以為川普這次要來真的，結果一到關鍵時刻還不是縮了？這樣看來，不論民主黨還是共和黨，該在名單上的都有，大家一起護航，根本沒人在乎正義。」

B名嘴：「當然啊，這名單要是公開，華府至少一半的...",340,191,29,4,3.9999999999769167,3.75,0.9375,0.01695048349100337,1.0,0.0,1.705085145047301,fast_qiskit_v1.0,172,AI_Generated
影片描述,美國司法部公布艾普斯坦案件部分文件，引發廣泛爭議 美國司法部近日公布已故富豪艾普斯坦（Jeffrey Epstein）案件的部分文件，然而，外界原期待能夠揭露涉及案件的政商名流名單，最終僅獲得聯絡人名...,483,306,26,4,3.9999999999769167,3.75,0.9375,0.004875692817621508,1.0,0.0,1.7014627078452864,fast_qiskit_v1.0,172,AI_Generated
新聞標題,高鐵自由座規則引熱議，單人乘客感不公平Taiwan's High-Speed Rail Seat Policy Sparks Debate on Fairness,24,24,8,4,3.9999999999769167,3.75,0.9375,0.0,1.0,0.0,1.7,fast_qiskit_v1.0,97,AI_Generated
影片對話,"A名嘴：最近高鐵自由座的爭議真是鬧得沸沸揚揚！有人說，去上廁所就是放棄座位，這規定是不是有點對單人乘客不公平啊？

B名嘴：不過話說回來，這規定也有它的道理。你要想啊，如果允許放物品佔位，那一定會有不...",347,158,25,4,3.9999999999769167,3.75,0.9375,0.025223757369112962,1.0,0.0,1.7075671272107338,fast_qiskit_v1.0,97,AI_Generated
影片描述,近日，台灣高鐵自由座座位的管理規則引發社會熱烈討論。根據規定，自由座旅客若暫時離席，未有同行者幫忙保留座位，其他旅客即可使用該座位。然而，若是多人同行，其中一人能幫助代保座位，這樣的規範引起單人旅客的...,149,99,19,4,3.9999999999769167,3.75,0.9375,0.018896852738626187,1.0,0.0,1.705669055821588,fast_qiskit_v1.0,97,AI_Generated
新聞標題,高雄3歲童浴缸溺斃 APP救援者身分惹疑Kaohsiung Toddler Drowns; Volunteer Rescuer's Role Questioned,21,21,9,4,3.9999999999769167,3.75,0.9375,0.0,1.0,0.0,1.7,fast_qiskit_v1.0,194,AI_Generated
影片對話,"名嘴A（資深社會記者）：
「我真的要先說一句，家長自己要負很大責任。3歲小孩泡澡，父親離開10分鐘去顧妹妹，這不是危機，是人禍。孩子在家裡最危險的地方之一就是浴室，這是全世界都在提醒的。」

名嘴B（...",579,300,31,4,3.9999999999769167,3.75,0.9375,0.02044634427173287,1.0,0.0,1.70613390328152,fast_qiskit_v1.0,194,AI_Generated
影片描述,高雄市日前發生一起令人痛心的意外，一名3歲男童在家中浴缸泡澡時不幸溺水，送醫搶救後宣告不治。事後監視器畫面曝光，影片中一名金髮男子穿著義消背心進行CPR，卻被發現並非正式義消，而是透過「全民消防APP...,109,84,24,4,3.9999999999769167,3.75,0.9375,0.008034024007156379,1.0,0.0,1.702410207202147,fast_qiskit_v1.0,194,AI_Generated
新聞標題,陸配網紅亞亞因武統言論 遭廢居留許可 Chinese Influencer Yaya Loses Taiwan Residency for Pro-Unification Remarks,20,20,7,4,3.9999999999769167,3.75,0.9375,0.0,1.0,0.0,1.7,fast_qiskit_v1.0,183,AI_Generated
影片對話,"A：這件事根本沒什麼好爭議的，台灣對陸配本來就有「生活從寬、身分從嚴」的原則，政府核發居留權，是基於對社會的正面影響考量。現在她一邊享受台灣的自由環境，一邊鼓吹武統，這哪說得過去？

B：對啊，你看移...",361,195,28,4,3.9999999999769167,3.75,0.9375,0.02063622671336287,1.0,0.0,1.7061908680140088,fast_qiskit_v1.0,183,AI_Generated
影片描述,近日，知名陸配網紅「亞亞在台灣」因在社群媒體上發表涉及武力統一台灣的言論，遭內政部移民署依《大陸地區人民在台灣地區依親居留長期居留或定居許可辦法》第14條第1項第4款，以「有危害國家安全或社會安定之虞...,1176,463,23,4,3.9999999999769167,3.75,0.9375,0.008475872377602571,1.0,0.0,1.7025427617132807,fast_qiskit_v1.0,183,AI_Generated
新聞標題,"日本國民民主黨主席爆婚外情 親自鞠躬道歉Japan's DPJ Leader Caught in Scandal, Issues Public Apology国民民主党党首、不倫報道で謝罪",29,29,8,4,3.9999999999769167,3.75,0.9375,0.0,1.0,0.0,1.7,fast_qiskit_v1.0,154,AI_Generated
影片對話,"A: 「哇，這個日本政壇真是越來越有戲劇性啊！堂堂的國民民主黨黨主席玉木雄一郎，竟然爆出和前寫真偶像的婚外情，還親自出面承認！這可是大新聞啊！」

B: 「對啊，說到寫真偶像，還是39歲的觀光大使，這...",237,146,21,4,3.9999999999769167,3.75,0.9375,0.016134351248997408,1.0,0.0,1.7048403053746992,fast_qiskit_v1.0,154,AI_Generated
影片描述,日本國民民主黨主席玉木雄一郎最近爆出桃色風波！被日媒拍到深夜與39歲的高松市觀光大使小泉美雪約會，並在記者會上大方承認。這波震撼彈讓日網笑稱「日本政壇變八點檔」，不少人調侃他「好拼」，還有人說「連政治...,101,74,18,4,3.9999999999769167,3.75,0.9375,0.005505572471052803,1.0,0.0,1.7016516717413157,fast_qiskit_v1.0,154,AI_Generated
新聞標題,台英麥當勞性侵醜聞：企業文化遭質疑McDonald’s Scandals in Taiwan and UK: Culture Questioned,21,21,6,4,3.9999999999769167,3.75,0.9375,0.0,1.0,0.0,1.7,fast_qiskit_v1.0,57,AI_Generated
影片對話,名嘴A：台灣這起麥當勞性侵案件，受害者是一個未成年少女，案件過去這麼久了，加害人還沒受到應有的懲罰。而英國麥當勞又爆出更大規模的性騷擾問題，450家分店牽涉其中，這是不是證明麥當勞的企業文化早就出了問...,532,256,27,4,3.9999999999769167,3.75,0.9375,0.025217615572133457,1.0,0.0,1.70756528467164,fast_qiskit_v1.0,57,AI_Generated
影片描述,麥當勞性醜聞延燒：台英兩地呼籲正義落實 近日，麥當勞在台灣和英國分別爆出嚴重的職場性騷擾及性侵案件，引發國際社會的廣泛討論。台灣部分，一名17歲少女在麥當勞分店打工期間，多次遭到主管性侵，最終因不堪壓...,189,134,26,4,3.9999999999769167,3.75,0.9375,0.01154644922744722,1.0,0.0,1.703463934768234,fast_qiskit_v1.0,57,AI_Generated
新聞標題,水費31年首漲 民眾壓力山大First Water Rate Hike in 31 Years Hits Hard,17,16,5,4,3.9999999999769167,3.75,0.9375,0.003446691176470588,1.0,0.0,1.701034007352941,fast_qiskit_v1.0,60,AI_Generated
影片對話,"名嘴A：
你覺得水價檢討這件事合理嗎？31年不調整水價，現在突然來一個大幅漲價，對一般家庭來說，真的受得了嗎？

名嘴B：
如果單純看數字，台灣的水價真的低到不行，尤其和國際相比。但問題在於，現在物價...",315,187,24,4,3.9999999999769167,3.75,0.9375,0.017526271568423187,1.0,0.0031746031746031746,1.705575341787987,fast_qiskit_v1.0,60,AI_Generated
影片描述,水費31年首度調漲 政府強調合理化管理 自1994年以來，台灣水費首次迎來調漲，政府表示，此舉旨在反映成本，並為水資源永續發展創造條件。本次調漲將採用7級費率，針對高耗水者進行分級加價，普通家庭的影響...,155,113,19,4,3.9999999999769167,3.75,0.9375,0.013382208423121525,1.0,0.0,1.7040146625269363,fast_qiskit_v1.0,60,AI_Generated
新聞標題,"掛號費漲500元！診所變奢侈品？網友炸鍋：真敢收！Healthcare Fees Soar to $750! Patients in Shock""",26,25,7,4,3.9999999999769167,3.75,0.9375,0.0014769230769230773,1.0,0.0,1.700443076923077,fast_qiskit_v1.0,147,AI_Generated
影片對話,"李教授：掛號費漲500元，我覺得完全合理！台灣的醫療費用實在太低了，這次的調漲是遲來的正義。你知道嗎？在國外看病掛號，隨便都是幾千塊台幣起跳，這次的750元根本是九牛一毛。

張博士：李教授，請冷靜一...",515,242,26,4,3.9999999999769167,3.75,0.9375,0.025138641784641216,1.0,0.001941747572815534,1.7077357672926738,fast_qiskit_v1.0,147,AI_Generated
影片描述,掛號費漲到750元！看病還得靠存摺？患者：我的心跳更貴了！ 近來有民眾發現，掛號費從250元一口氣漲到750元，心情就像拿到醫生的「心跳費」帳單。診所公告上赫然寫著：「114年1月起，掛號費750元」...,193,120,25,4,3.9999999999769167,3.75,0.9375,0.009611039147956248,1.0,0.0,1.702883311744387,fast_qiskit_v1.0,147,AI_Generated
新聞標題,民眾黨遊行：捍衛勞工權益TPP March: Advocating Labor Rights,12,12,6,4,3.9999999999769167,3.75,0.9375,0.0,1.0,0.0,1.7,fast_qiskit_v1.0,108,AI_Generated
影片對話,主持人： 今天我們要討論的是「民眾黨反霸凌、護勞權遊行」引發的爭議。首先，這場遊行的目的是為了替公務員輕生案討公道，並且訴求勞工權益受到更好的保障。然而，現場發生了與警方的衝突，引發了各界熱議。對此，...,431,226,27,4,3.9999999999769167,3.75,0.9375,0.02364380708135404,1.0,0.0,1.7070931421244062,fast_qiskit_v1.0,108,AI_Generated
影片描述,12月7日，台灣民眾黨於台北市舉行「反霸凌、護勞權」遊行，訴求改善勞工權益並推動相關法案立法。此次活動吸引眾多支持者參與，從勞動部出發，行至總統府遞交陳情書，希望執政當局正視基層勞動問題。 民眾黨立委...,158,112,22,4,3.9999999999769167,3.75,0.9375,0.01204267308189098,1.0,0.0189873417721519,1.7055115361017825,fast_qiskit_v1.0,108,AI_Generated
新聞標題,"林秉文發文否認逃亡，批政治抹黑Lin Bingwen Denies Fleeing, Slams Political Smears",16,16,6,4,3.9999999999769167,3.75,0.9375,0.0,1.0,0.0,1.7,fast_qiskit_v1.0,63,AI_Generated
影片對話,"**A名嘴：**林秉文這篇聲明真的太搞笑了，他逃亡的理由居然是「私人因素」，這根本是對司法的挑釁。更何況他在逃亡期間還能大剌剌地發臉書，這已經不是囂張，而是蔑視司法。

**B名嘴：**我完全同意。更...",334,169,28,4,3.9999999999769167,3.75,0.9375,0.02604091211855202,1.0,0.0,1.7078122736355656,fast_qiskit_v1.0,63,AI_Generated
影片描述,百億賭王林秉文否認潛逃，強調面對司法 林秉文針對通緝案，今日於社群媒體發文澄清，表示並非因司法問題逃亡，而是處理私人事務。他抨擊外界對他的不實指控，稱這些言論不僅傷害他個人，更對司法公正構成威脅。他強...,79,58,15,4,3.9999999999769167,3.75,0.9375,0.012526528093439094,1.0,0.0,1.7037579584280318,fast_qiskit_v1.0,63,AI_Generated
新聞標題,「辱罵不算霸凌？」勞動部調查報告惹議“Verbal Abuse Isn’t Bullying?” Ministry’s Findings Draw Public Outrage,27,26,7,4,3.9999999999769167,3.75,0.9375,0.0013697129081744462,1.0,0.0,1.7004109138724524,fast_qiskit_v1.0,140,AI_Generated
影片對話,"主持人：
今天我們要討論的議題，是關於勞動部北分署輕生案的調查結果。勞動部表示，雖無法證明北分署長謝宜容有實際職場霸凌行為，但確定她曾多次情緒失控、辱罵同仁，引發極大精神壓力。針對這樣的說法，我們來聽...",361,205,25,4,3.9999999999769167,3.75,0.9375,0.017421631036795473,1.0,0.0,1.7052264893110387,fast_qiskit_v1.0,140,AI_Generated
影片描述,勞動部新定義：職場霸凌是什麼？辱罵算嗎？不算吧！ 最近，勞動部針對北分署輕生案給出了調查報告，結論讓人驚掉下巴！原來，在公務界中，「情緒失控、辱罵、咆哮」竟然不算霸凌！難怪有人戲稱，下一步是不是拿掃帚...,168,116,22,4,3.9999999999769167,3.75,0.9375,0.008656078364758504,1.0,0.0,1.7025968235094275,fast_qiskit_v1.0,140,AI_Generated
新聞標題,"台灣150億美元軍購案展抗中決心 引熱議 Taiwan's $15B Arms Deal Signals Anti-China Stance, Sparks Debate",25,25,8,4,3.9999999999769167,3.75,0.9375,0.0,1.0,0.0,1.7,fast_qiskit_v1.0,155,AI_Generated
影片對話,"主持人：台灣計劃向美國提出150億美元的軍購案，包括神盾級驅逐艦、F-35戰機等高端武器。許多網友認為這是一種「交保護費」，您怎麼看？

名嘴A：這個軍購案可以視為台灣展現「抗中保台」的決心。雖然保護...",246,152,25,4,3.9999999999769167,3.75,0.9375,0.011121855505258654,1.0,0.008130081300813009,1.7041495647816587,fast_qiskit_v1.0,155,AI_Generated
影片描述,台灣「軍購超市」：拿150億美元換取平安！台灣政府這回打算花重本採購F-35戰機、神盾級驅逐艦、愛國者飛彈等高端裝備，展現「抗中保台」的決心！在這筆龐大金額的背後，台灣的安全可真是高價保障。 不過網友...,136,97,27,4,3.9999999999769167,3.75,0.9375,0.006164310766287598,1.0,0.0,1.7018492932298863,fast_qiskit_v1.0,155,AI_Generated
新聞標題,"新北88會館案嫌犯出境引爭議：司法效能再遭質疑Suspect in New Taipei 88 Club Case Flees Abroad, Sparking Judicial Criticism",26,25,7,4,3.9999999999769167,3.75,0.9375,0.0014769230769230773,1.0,0.0,1.700443076923077,fast_qiskit_v1.0,104,AI_Generated
影片對話,"名嘴A：最近的88會館案件讓我真的很火大，涉案人林秉文居然在沒有任何限制下跑到國外了！檢方和法院難道都在睡覺嗎？這可是牽涉詐欺和洗錢的大案啊。

名嘴B：你這麼氣也不是沒有道理。300萬交保金，這對林...",472,251,28,4,3.9999999999769167,3.75,0.9375,0.01880962879523838,1.0,0.0,1.7056428886385715,fast_qiskit_v1.0,104,AI_Generated
影片描述,新北地方法院近日證實，涉及88會館詐欺與洗錢案件的林秉文，於12月5日未出庭後已出境。由於法院未對其採取限制出境或羈押措施，此事件引發社會熱烈討論。林秉文於2022年以300萬元交保，檢方當時認定無羈...,263,161,22,4,3.9999999999769167,3.75,0.9375,0.013068957843978404,1.0,0.0,1.7039206873531936,fast_qiskit_v1.0,104,AI_Generated
新聞標題,器官國有論發酵 醫界怒駁謠言Hospital Hits Back at Organ Rumors,12,12,3,3,2.999999999988458,3.5,0.875,0.0,1.0,0.0,1.6,fast_qiskit_v1.0,246,AI_Generated
影片對話,"張肇基（國際事務評論員）：
我第一眼看到這個新聞，就覺得「不單純」。從一樁聯姻，怎麼會扯到器官、再扯到國有庫？這不是家務事，這是劇本。

陳美玉（醫療線資深記者）：
而且這個劇本很老套。先拋一個模糊人...",391,207,23,4,3.9999999999769167,3.75,0.9375,0.01794537040469061,1.0,0.0,1.7053836111214071,fast_qiskit_v1.0,246,AI_Generated
影片描述,近日網路流傳中國高層家族成員薄瓜瓜與台灣醫界背景女性訂婚的消息，並衍生出羅東博愛醫院涉入非法器官移植的謠言。對此，羅東博愛醫院於4月13日發表聲明，強調該院未具器官移植資格，從未涉入相關業務，並保留法...,1477,550,26,4,3.9999999999769167,3.75,0.9375,0.01392328877499063,1.0,0.0,1.7041769866324972,fast_qiskit_v1.0,246,AI_Generated
新聞標題,TikTok禁令倒數 美中科技角力再升級TikTok Ban Looms as US-China Tech Clash Deepens,20,19,7,4,3.9999999999769167,3.75,0.9375,0.0024930747922437668,1.0,0.0,1.7007479224376731,fast_qiskit_v1.0,46,AI_Generated
影片對話,"甲： 「這次TikTok的禁令，說白了就是美中對抗的延伸。美國不是真的擔心數據問題，而是藉由科技戰打擊中國企業，背後其實是政治操作。」

乙： 「沒錯，但美國也不是完全沒道理。你看，TikTok的數據...",350,188,26,4,3.9999999999769167,3.75,0.9375,0.016237146737373087,1.0,0.0,1.7048711440212119,fast_qiskit_v1.0,46,AI_Generated
影片描述,美國最高法院近日支持《保護美國人免受外國對手控制的應用程式侵害法案》（PAFACA），要求TikTok母公司字節跳動必須在1月19日前出售美國業務，否則TikTok將在美國全面禁用。 TikTok在美...,157,114,20,4,3.9999999999769167,3.75,0.9375,0.011218052394367304,1.0,0.0,1.7033654157183102,fast_qiskit_v1.0,46,AI_Generated
新聞標題,Hyperliquid 主網推出 HIP-1 現貨代幣部署功能Hyperliquid Launches HIP-1 Token Deployment on Mainnet,19,15,4,4,3.9999999999769167,3.75,0.9375,0.010292397660818716,1.0,0.0,1.7030877192982457,fast_qiskit_v1.0,42,AI_Generated
影片對話,"A：你知道 Hyperliquid 最近推出的 HIP-1 現貨代幣部署功能嗎？這可是台灣加密社群裡熱議的話題！

B：當然知道啊！他們用荷蘭式拍賣來處理 Gas 費的競標，感覺很創新欸。不過，我比較...",339,203,29,4,3.9999999999769167,3.75,0.9375,0.013875738545815556,1.0,0.0,1.7041627215637447,fast_qiskit_v1.0,42,AI_Generated
影片描述,Hyperliquid 宣佈於主網推出 HIP-1 現貨代幣部署功能，為去中心化交易市場注入全新活力。這項功能採用荷蘭式拍賣機制，讓部署者競標 Gas 費，並為每個代幣提供供應上限與內建現貨訂單簿交易...,76,63,19,4,3.9999999999769167,3.75,0.9375,0.00549654559679622,1.0,0.0,1.7016489636790388,fast_qiskit_v1.0,42,AI_Generated
新聞標題,"美烏會談破裂 川普施壓 澤倫斯基提前離場US-Ukraine Talks Collapse, Trump Pressures Zelensky",21,21,7,4,3.9999999999769167,3.75,0.9375,0.0,1.0,0.0,1.7,fast_qiskit_v1.0,168,AI_Generated
影片對話,"A: 這次白宮會談，根本是場公開羞辱，川普直接對澤倫斯基開嗆，范斯還補刀：「你有對美國說句謝謝嗎？」這簡直是讓世界看到，烏克蘭在美國眼中，根本沒資格談條件，只能接受。

B: 但問題是，美國確實已經砸...",380,193,26,4,3.9999999999769167,3.75,0.9375,0.024186166778055497,1.0,0.0,1.7072558500334165,fast_qiskit_v1.0,168,AI_Generated
影片描述,美國總統川普與烏克蘭總統澤倫斯基在白宮進行會談，原定簽署的關鍵礦產協議因意見分歧而取消，雙方交鋒激烈，導致澤倫斯基提前離開白宮。 川普在會談中強調，美國已向烏克蘭提供大量軍事及經濟援助，並直言：「沒有...,215,125,24,4,3.9999999999769167,3.75,0.9375,0.01559813953488371,1.0,0.0,1.7046794418604652,fast_qiskit_v1.0,168,AI_Generated
新聞標題,健保30年轉型 賴清德提各區自管Taiwan Eyes Healthcare Reform: Localized Budgets,16,16,8,4,3.9999999999769167,3.75,0.9375,0.0,1.0,0.0,1.7,fast_qiskit_v1.0,279,AI_Generated
影片對話,"A名嘴（醫療財務專家）
：「賴總統拋『各區自收自管』這件事，基本精神我給80分。從財務角度來說，地方收支自主，可以刺激各地更精算醫療支出，避免像現在健保中央帳戶黑洞化。」

B名嘴（公共衛生政策專家）...",463,252,28,4,3.9999999999769167,3.75,0.9375,0.016647205638514902,1.0,0.0,1.7049941616915545,fast_qiskit_v1.0,279,AI_Generated
影片描述,台灣健保制度已邁入第30年，總統賴清德於全國健康論壇拋出新構想，建議推動「各區自收自管」，讓地方能自主管理健保經費。他以花蓮秀林鄉為例，透過慈濟醫院結合預防醫療與論人計酬，改善居民健康，並降低醫療資源...,1087,520,22,4,3.9999999999769167,3.75,0.9375,0.006349076362389292,1.0,0.0018399264029438822,1.7020887155490112,fast_qiskit_v1.0,279,AI_Generated
新聞標題,"台中學生打老師 警方介入掀熱議English Headline:Taichung Student Hits Teacher, Police Involved",18,18,5,4,3.9999999999769167,3.75,0.9375,0.0,1.0,0.0,1.7,fast_qiskit_v1.0,116,AI_Generated
影片對話,主持人：各位觀眾朋友，今天我們來談談台中市某國小的事件，一名小學生用樂樂棒球棒打了體育老師，事後雖然道歉，但老師不接受並報警，警察甚至直接進入校園帶走學生，引發社會爭議。我們今天邀請兩位來賓來討論：支...,311,165,20,4,3.9999999999769167,3.75,0.9375,0.024998774650923154,1.0,0.0,1.707499632395277,fast_qiskit_v1.0,116,AI_Generated
影片描述,台中學生打老師事件 警察介入引發多方討論 台中市某國小近日發生一名小學生揮舞樂樂棒打老師的事件，隨後該名老師報警，警方進入校園將學生帶回派出所，引發家長與社會的熱烈討論。市長盧秀燕批評，學生已道歉，應...,106,69,20,4,3.9999999999769167,3.75,0.9375,0.01383092976344751,1.0,0.0,1.7041492789290342,fast_qiskit_v1.0,116,AI_Generated
新聞標題,醫療疏失！誤切雙側卵巢惹爭議 Medical Error Both Ovaries Removed,13,13,4,4,3.9999999999769167,3.75,0.9375,0.0,1.0,0.0,1.7,fast_qiskit_v1.0,226,AI_Generated
影片對話,"李小姐：​「今天我們要討論的是近期發生在台北醫學大學附設醫院的醫療疏失事件。一名38歲女性患者原本同意切除左側卵巢及輸卵管，但醫師卻未經同意，將右側也一併切除。張先生，您怎麼看這件事？」​
Cmone...",325,166,26,4,3.9999999999769167,3.75,0.9375,0.020365242247953816,1.0,0.0,1.706109572674386,fast_qiskit_v1.0,226,AI_Generated
影片描述,台北醫學大學附設醫院爆出嚴重醫療疏失，一名38歲女性患者原本只簽署同意左側卵巢與輸卵管切除，醫師卻未經進一步知會，連右側也一併切除，導致患者喪失生育功能，引發社會譁然。 醫界專家表示，手術過程若有任何...,1690,659,27,4,3.9999999999769167,3.75,0.9375,0.010561105767842702,1.0,0.0,1.7031683317303528,fast_qiskit_v1.0,226,AI_Generated
新聞標題,李泳知傻眼「前男友吐司」梗爆笑Lee Young-ji’s Hilarious Meme Fail,17,17,5,4,3.9999999999769167,3.75,0.9375,0.0,1.0,0.0,1.7,fast_qiskit_v1.0,277,AI_Generated
影片對話,"【名嘴A】：「李泳知這次真的笑死我，她看到那片吐司一臉疑惑，吐槽說『材料裡根本沒有前男友』，那個表情真的超級真！」
【名嘴B】：「其實這就是網路文化代溝啦，『前男友吐司』是韓國迷因，故事是女生懷念前男...",239,140,29,4,3.9999999999769167,3.75,0.9375,0.01706493894628981,1.0,0.0,1.7051194816838868,fast_qiskit_v1.0,277,AI_Generated
影片描述,在《Biong Biong地球娛樂室》第三季首集中，李泳知在甜點猜謎遊戲中，因不認識「前男友吐司」這個迷因，當場崩潰吐槽：「材料裡根本沒有前男友！」這款吐司源自韓國網友分享的故事，意指塗有奶油起司與藍...,1250,511,20,4,3.9999999999769167,3.75,0.9375,0.009428211442204956,1.0,0.0,1.7028284634326614,fast_qiskit_v1.0,277,AI_Generated
新聞標題,"假新聞渲染分屍案 社會動盪加劇 Fake News Fuels Dismemberment Case, Sparks Chaos",16,16,7,4,3.9999999999769167,3.75,0.9375,0.0,1.0,0.0,1.7,fast_qiskit_v1.0,17,AI_Generated
影片對話,"A: 這個分屍案本來已經夠恐怖了，結果現在媒體居然還趁機帶風向，硬扯預算刪減，這真的是離譜到不行！

B: 沒錯，一開始新聞出來的時候，大家還以為是藍白砍預算害警方沒辦法查案，結果警方自己跳出來說根本...",695,335,30,4,3.9999999999769167,3.75,0.9375,0.026153266738358025,1.0,0.0,1.7078459800215073,fast_qiskit_v1.0,17,AI_Generated
影片描述,近期發生的高雄分屍案震驚全台，但隨著案件調查進展，社群媒體與部分媒體卻充斥著未經證實的假消息，導致社會輿論陷入混亂。假新聞的迅速擴散，不僅影響公眾對案件的理解，也對司法調查造成干擾。許多錯誤訊息將案情...,135,100,19,4,3.9999999999769167,3.75,0.9375,0.009833333333333336,1.0,0.0,1.70295,fast_qiskit_v1.0,17,AI_Generated
新聞標題,綠電高價虧損重 員工勞動節怒吼Green Energy Costs Spark Outrage,13,13,4,4,3.9999999999769167,3.75,0.9375,0.0,1.0,0.0,1.7,fast_qiskit_v1.0,282,AI_Generated
影片對話,"名嘴A（偏綠、學者型）：
「我們今天要談的是，台電基層員工在5月1日發起的『草綠T行動』，地點就在經濟部門口。這不是一般抗議，是第一次由國營企業內部員工公開挑戰能源政策，矛頭直指政府對綠電的過度投資與...",452,256,32,4,3.9999999999769167,3.75,0.9375,0.010145339290652654,1.0,0.0,1.7030436017871957,fast_qiskit_v1.0,282,AI_Generated
影片描述,台電員工勞動節抗議 怒吼能源政策錯誤全民買單 台電基層員工於5月1日發起「草綠T行動」，集結於經濟部前抗議政府能源政策錯誤，導致台電連年虧損、電價結構扭曲。他們批評政府關閉核電、過度收購高價再生能源，...,1456,566,24,4,3.9999999999769167,3.75,0.9375,0.014829012682182282,1.0,0.0,1.7044487038046547,fast_qiskit_v1.0,282,AI_Generated
新聞標題,"竹科除夕夜突降壓 工程師圍爐途中急返廠Hsinchu Power Dip on Lunar New Year's Eve, Engineers Rushed Back",24,24,8,4,3.9999999999769167,3.75,0.9375,0.0,1.0,0.0,1.7,fast_qiskit_v1.0,33,AI_Generated
影片對話,"A 名嘴： 「這件事真的很誇張！除夕夜欸，大家本來好好吃個年夜飯，結果工程師被 Call 回去救火，這不是開玩笑的吧？」

B 名嘴： 「對啊，這次壓降的影響雖然沒有直接讓廠區停擺，但問題是，它代表台...",285,167,26,4,3.9999999999769167,3.75,0.9375,0.015014660247736481,1.0,0.0,1.7045043980743209,fast_qiskit_v1.0,33,AI_Generated
影片描述,除夕夜（1月28日）竹科爆發電壓波動，多家半導體大廠瞬間受到衝擊，產線警報響起，值班人員全數上陣，各科技廠紛紛召回休假的工程師進行應急處理。疑似供電異常源自龍潭電力線路，目前台電正展開調查。 事發當晚...,170,128,23,4,3.9999999999769167,3.75,0.9375,0.009476964613970589,1.0,0.0058823529411764705,1.7034313246783086,fast_qiskit_v1.0,33,AI_Generated
新聞標題,史書華外遇風波延燒 公眾人物道德標準再受關注Shih Shu-Hua’s Affair Scandal Sparks Debate on Public Morality,24,24,6,4,3.9999999999769167,3.75,0.9375,0.0,1.0,0.0,1.7,fast_qiskit_v1.0,24,AI_Generated
影片對話,"A名嘴（資深法律評論員）：
「這個案子最核心的問題是配偶權是否還能主張。大家知道，台灣的通姦罪已經除罪化，這案子要打的是民事侵害配偶權，但很多人忽略了，配偶權並不是憲法保障的權利。今天法院判決20萬，...",804,328,34,4,3.9999999999769167,3.75,0.9375,0.025972346772976284,1.0,0.0,1.7077917040318928,fast_qiskit_v1.0,24,AI_Generated
影片描述,"知名媒體人史書華近日因外遇醜聞成為輿論焦點，社會各界對其個人行為及公眾人物的道德責任展開熱烈討論。此事件不僅衝擊其個人形象，也引發大眾對名人私德與社會標準的省思。

根據媒體報導，史書華的婚外情關係被...",276,166,23,4,3.9999999999769167,3.75,0.9375,0.01966798571972541,1.0,0.0,1.7059003957159176,fast_qiskit_v1.0,24,AI_Generated
新聞標題,藍白刪預算惹爭議 財政部陷假訊息風波Budget Cuts Spark Controversy; Ministry Faces Fake News Claims,18,18,6,4,3.9999999999769167,3.75,0.9375,0.0,1.0,0.0,1.7,fast_qiskit_v1.0,45,AI_Generated
影片對話,"名嘴A：這次預算爭議讓人不禁懷疑，財政部到底在想什麼？法定預算的事情，居然也敢拿來操作？

名嘴B：對啊，統一發票獎金明明是固定的，財政部卻說刪了18.5億會影響發票獎金，這完全是混淆視聽。

名嘴A...",250,150,27,4,3.9999999999769167,3.75,0.9375,0.014542222222222224,1.0,0.0,1.7043626666666667,fast_qiskit_v1.0,45,AI_Generated
影片描述,藍白刪預算爭議升溫 財政部澄清假訊息 近期藍白聯盟刪減預算的舉動引發社會熱議，部分人士指控財政部隱瞞重要資訊，更有假訊息在社群媒體上流傳，聲稱刪預算將影響民生發展。財政部澄清，此次預算刪減針對特定非必...,68,52,16,4,3.9999999999769167,3.75,0.9375,0.0116167768882701,1.0,0.0,1.703485033066481,fast_qiskit_v1.0,45,AI_Generated
新聞標題,《紐時》：川普言論對台灣敲響警鐘NYT: Trump’s Remarks a Wake-Up Call for Taiwan,23,23,7,4,3.9999999999769167,3.75,0.9375,0.0,1.0,0.0,1.7,fast_qiskit_v1.0,7,AI_Generated
影片對話,"A： 這次川普回來，台美關係真的不一樣了，以前我們講「台美關係穩健發展」，現在你看，完全變成交易導向！軍費要加，晶片要回美國，這是什麼意思？台灣變提款機嗎？

B： 我覺得這其實不是台灣的問題，而是川...",311,163,27,4,3.9999999999769167,3.75,0.9375,0.028359332292463266,1.0,0.0,1.708507799687739,fast_qiskit_v1.0,7,AI_Generated
影片描述,美國總統川普重返白宮後，台美關係進入前所未有的不確定階段。《紐約時報》報導指出，川普政府不再以民主價值為核心，而是採取「交易導向」，並對台灣在軍事與經濟領域提出更嚴格的要求。 報導指出，川普批評台灣的...,228,144,27,4,3.9999999999769167,3.75,0.9375,0.017878898635477584,1.0,0.0043859649122807015,1.7058022660818715,fast_qiskit_v1.0,7,AI_Generated
新聞標題,"民進黨發文引南韓戒嚴爭議，國際批評DPP Post Sparks Martial Law Debate, Criticism Grows",20,20,8,4,3.9999999999769167,3.75,0.9375,0.0,1.0,0.0,1.7,fast_qiskit_v1.0,113,AI_Generated
影片對話,"來賓A：這次民進黨的貼文事件，真的是讓人搖頭。台灣長期以民主形象自豪，結果執政黨的這篇發文，卻被解讀為支持南韓的戒嚴。這不僅對國內外造成負面觀感，也完全無視台灣歷史上對戒嚴的深刻反思。

來賓B：是啊...",317,182,26,4,3.9999999999769167,3.75,0.9375,0.02178498002153841,1.0,0.0,1.7065354940064614,fast_qiskit_v1.0,113,AI_Generated
影片描述,民進黨社交媒體發文引發國際批評，南韓、日本媒體熱議 近日，台灣民進黨在社交平台Threads上的一篇發文因涉及南韓戒嚴事件，引發廣泛爭議。發文提到「南韓國會受到親北勢力操控，尹錫悅總統為保護自由憲政宣...,134,85,24,4,3.9999999999769167,3.75,0.9375,0.01095284821566906,1.0,0.0,1.7032858544647007,fast_qiskit_v1.0,113,AI_Generated
新聞標題,川普祭對等關稅 台灣列骯髒15國Trump Targets Taiwan in 'Dirty 15' Tariff,18,16,10,4,3.9999999999769167,3.75,0.9375,0.006076388888888889,1.0,0.0,1.7018229166666665,fast_qiskit_v1.0,193,AI_Generated
影片對話,"陸行之：
「這次被點名骯髒15國，我不意外，台灣長期對汽車進口課高稅，貨物稅、奢侈稅加總超過50%，早就是國際笑話。問題不是只有美國看不下去，歐盟、日本都在看。川普出手只是早晚的問題。」

謝金河：
...",289,171,23,4,3.9999999999769167,3.75,0.9375,0.018304156284327987,1.0,0.0,1.7054912468852983,fast_qiskit_v1.0,193,AI_Generated
影片描述,美國總統川普宣布，自4月2日起針對對美國高關稅且貿易量大的「骯髒15國」啟動對等關稅，其中包括台灣。美國財政部長貝森特表示，台灣近年對美貿易順差快速成長，汽車進口總稅率超過55%，被點名並非意外。半導...,128,99,20,4,3.9999999999769167,3.75,0.9375,0.0114034919906132,1.0,0.0,1.7034210475971838,fast_qiskit_v1.0,193,AI_Generated
新聞標題,代理孕母爭議：立院審法 社會分歧Surrogacy Debate Sparks Division in Taiwan,14,14,4,4,3.9999999999769167,3.75,0.9375,0.0,1.0,0.0,1.7,fast_qiskit_v1.0,111,AI_Generated
影片對話,"主持人：今天我們來談談立法院衛環委員會審議人工生殖法修正草案所引發的爭議，現場有資深評論員李大明和社會觀察家張小麗。

李大明：人工生殖法這次的修法爭議，主要在於代理孕母的議題。民進黨方面主張將有共識...",342,199,29,4,3.9999999999769167,3.75,0.9375,0.01669518948588191,1.0,0.0,1.7050085568457645,fast_qiskit_v1.0,111,AI_Generated
影片描述,12月5日，立法院針對《人工生殖法》修正案進行討論，重點圍繞代理孕母條文是否應納入法案。衛福部表示，因代理孕母議題爭議過大，將與人工生殖條文分開處理，目標是讓共識部分先行推動。 支持代理孕母合法化的立...,145,105,20,4,3.9999999999769167,3.75,0.9375,0.011478614434279454,1.0,0.0,1.7034435843302838,fast_qiskit_v1.0,111,AI_Generated
新聞標題,"《零日攻擊》補助1.1億引爭議，程序正義惹議""Zero Day Attack"" Receives $1.13B, Sparks Debate",24,23,5,4,3.9999999999769167,3.75,0.9375,0.001732829237555136,1.0,0.0,1.7005198487712665,fast_qiskit_v1.0,92,AI_Generated
影片對話,"A：這次《零日攻擊》的補助案真是鬧得沸沸揚揚，85萬資本額的公司居然能拿到上億補助，怎麼看都不合理吧？

B：我同意，從程序上來說，這樣的審核標準很值得探討。你看，其他資深製作人像魏德聖，拍電影時四處...",314,188,30,4,3.9999999999769167,3.75,0.9375,0.013849322257239487,1.0,0.0,1.7041547966771717,fast_qiskit_v1.0,92,AI_Generated
影片描述,《零日攻擊》高額補助引爭議，文化部重申透明程序與市場導向 （Chinese - Taiwan） 影集《零日攻擊》因高額補助成為輿論焦點。該劇由成立不足兩年的「零日文創」製作，資本額僅85萬元，卻取得文...,152,107,20,4,3.9999999999769167,3.75,0.9375,0.009965246332706602,1.0,0.0,1.702989573899812,fast_qiskit_v1.0,92,AI_Generated
新聞標題,"趙露思罹失語症停工休養 引心理健康關注Zhao Lusi Faces Aphasia, Sparks Mental Health Awareness",17,17,5,4,3.9999999999769167,3.75,0.9375,0.0,1.0,0.0,1.7,fast_qiskit_v1.0,75,AI_Generated
影片對話,"名嘴A：趙露思的事件凸顯心理健康的重要性
趙露思的經歷讓我們不得不正視演藝圈的高壓環境。過度消耗的身體與精神最終導致了失語症這樣的情況。她的工作室雖已停工讓她休養，但我們是否該反思這種病倒後才補救的模...",324,184,21,4,3.9999999999769167,3.75,0.9375,0.023340684730098725,1.0,0.0030864197530864196,1.7073108473943381,fast_qiskit_v1.0,75,AI_Generated
影片描述,26歲中國女星趙露思近期因健康問題暫停工作，引起廣泛討論。她因突發身體不適，被發現坐輪椅前往醫院，事後證實罹患失語症。目前，她專注於治療和復健，其好友也出面報平安，強調她正在逐步恢復。心理專家表示，這...,86,69,18,4,3.9999999999769167,3.75,0.9375,0.010585034412352295,1.0,0.0,1.7031755103237056,fast_qiskit_v1.0,75,AI_Generated
新聞標題,長照負擔沉重 弒親案震驚社會Family Burden Sparks Shocking Murder Case,13,13,5,4,3.9999999999769167,3.75,0.9375,0.0,1.0,0.0,1.7,fast_qiskit_v1.0,82,AI_Generated
影片對話,"A名嘴：這起弒父案件真的讓人唏噓。32歲的楊姓男子照顧父親多年，最後卻選擇以極端的方式結束他的生命。這不只是家庭悲劇，更反映出台灣長照制度的缺陷。

B名嘴：沒錯，楊男雖然犯下不可原諒的罪行，但我們也...",453,244,26,4,3.9999999999769167,3.75,0.9375,0.020772079652921514,1.0,0.008830022075055188,1.7071146261033818,fast_qiskit_v1.0,82,AI_Generated
影片描述,新北市一名32歲男子因不堪父親長期病痛的照顧壓力，於今年8月在桃園東眼山犯下弒父案，檢方依殺害直系血親罪起訴。調查顯示，男子多年來獨自承擔照護責任，精神與經濟壓力倍增，最終釀成悲劇。 他事發當天飲酒壯...,132,100,19,4,3.9999999999769167,3.75,0.9375,0.009072727272727274,1.0,0.0,1.7027218181818182,fast_qiskit_v1.0,82,AI_Generated
新聞標題,莊瑞雄涉賭爭議延燒 TPBL會長身份受挑戰Ray Chong's Gambling Scandal Rocks TPBL Leadership,18,17,5,4,3.9999999999769167,3.75,0.9375,0.0030757400999615538,1.0,0.0,1.7009227220299885,fast_qiskit_v1.0,118,AI_Generated
影片對話,"主持人A：各位觀眾朋友大家好，今天我們要來探討的是立委兼TPBL職籃會長莊瑞雄「球版風波」事件。莊委員親口提到「我多少有在玩」，引發外界強烈質疑，您怎麼看？

名嘴B：主持人，這件事情確實很敏感，尤其...",291,166,28,4,3.9999999999769167,3.75,0.9375,0.01554410412735278,1.0,0.0,1.7046632312382057,fast_qiskit_v1.0,118,AI_Generated
影片描述,近日，立法委員兼台灣職籃聯盟（TPBL）會長莊瑞雄，因質詢發言中提及「我多少有在玩」而遭外界質疑涉及體育賭博。他澄清此為強調運動彩券吸引力不足，但網友對此說法不買單，認為他應為自身言論負責。TPBL則...,125,93,21,4,3.9999999999769167,3.75,0.9375,0.008859290091340042,1.0,0.0,1.702657787027402,fast_qiskit_v1.0,118,AI_Generated
新聞標題,高鐵南延屏東 高雄方案啟動經濟新章HSR Extension to Pingtung: Kaohsiung Plan Launches,15,15,6,4,3.9999999999769167,3.75,0.9375,0.0,1.0,0.0,1.7,fast_qiskit_v1.0,76,AI_Generated
影片對話,"甲名嘴：
「這次高鐵南延確定選擇高雄方案，我是支持的！左營站早就飽和，延伸到高雄車站能吸引更多人流，對周邊商圈經濟有利。你看看，連卓榮泰都說這能帶動大南方新矽谷的產業發展，這可是長遠規劃啊！」

乙名...",361,195,26,4,3.9999999999769167,3.75,0.9375,0.01506764939963321,1.0,0.0,1.7045202948198899,fast_qiskit_v1.0,76,AI_Generated
影片描述,行政院宣布，高鐵南延屏東將採用「高雄方案」，路線將從高雄車站延伸到屏東市，計畫旨在提升運輸效能並促進區域經濟發展。此方案兼顧行車安全與高雄市南北均衡發展，並帶動屏東納入高鐵生活圈。然而，此計畫也引發爭...,91,68,16,4,3.9999999999769167,3.75,0.9375,0.009247024601695882,1.0,0.01098901098901099,1.7038730084794098,fast_qiskit_v1.0,76,AI_Generated
新聞標題,韓星鄭雨盛爆私生子醜聞，感情糾紛曝光:Korean Star Jung Woo-sung's Secret Child Revealed,21,21,6,4,3.9999999999769167,3.75,0.9375,0.0,1.0,0.0,1.7,fast_qiskit_v1.0,129,AI_Generated
影片對話,"主持人：今天我們來聊一下韓國演員鄭雨盛近期的轟動事件，真的是一波未平一波又起！先不說他被曝有私生子這件事，現在還爆出他早已有穩定交往的女友，網友們簡直炸開了鍋。

名嘴A：是啊，鄭雨盛這次的行為真的引...",334,171,28,4,3.9999999999769167,3.75,0.9375,0.022229676278918507,1.0,0.0,1.7066689028836755,fast_qiskit_v1.0,129,AI_Generated
影片描述,韓國知名男星鄭雨盛近日被爆料涉及一段複雜的私人情感生活，震驚外界。據韓國媒體報導，他與模特文佳菲之間育有一名私生子，而這一事實直到孩子出生後一年多才被告知。然而，同期他已經與一位圈外女友穩定交往超過一...,168,118,22,4,3.9999999999769167,3.75,0.9375,0.011037810700264014,1.0,0.0,1.7033113432100793,fast_qiskit_v1.0,129,AI_Generated
新聞標題,"九州博弈總裁2億交保 輿論譁然Casino Tycoon Posts $66M Bail, Outrage",18,18,9,4,3.9999999999769167,3.75,0.9375,0.0,1.0,0.0,1.7,fast_qiskit_v1.0,196,AI_Generated
影片對話,"名嘴A（資深評論員）：
你看看，九州博弈集團這案子，400多億金流，總裁陳政谷交保金2億，一夜之間現金送到法院，還穿LV開心出獄，說「辛苦了」。這不是在嘲笑社會嗎？

名嘴B（財經專家）：
我說真的，...",284,173,27,4,3.9999999999769167,3.75,0.9375,0.015016289726060594,1.0,0.0,1.704504886917818,fast_qiskit_v1.0,196,AI_Generated
影片描述,台中地院近日裁定，九州博弈集團總裁陳政谷以2億元交保，並限制出境、出海八個月。案件涉及438億元賭博、洗錢、詐欺金流，金額龐大卻能輕鬆繳交鉅額保釋金，引發社會譁然。現場陳政谷由妹妹與律師攜行李箱裝現金...,110,92,21,4,3.9999999999769167,3.75,0.9375,0.006371369651142811,1.0,0.0,1.7019114108953428,fast_qiskit_v1.0,196,AI_Generated
新聞標題,"350萬抖內案 黃國昌嗆北檢雙標Huang Slams Prosecutors Over Donations""",14,14,7,4,3.9999999999769167,3.75,0.9375,0.0,1.0,0.0,1.7,fast_qiskit_v1.0,209,AI_Generated
影片對話,"名嘴A：
現在北檢對民眾黨350萬抖內分案調查，說真的，我覺得味道太重了啦。坦白講，這件事去年就炒過，現在又端出來，時機點這麼剛好，是不是針對性，我們都心知肚明。

名嘴B：
你不覺得嗎？同樣的標準如...",824,378,36,4,3.9999999999769167,3.75,0.9375,0.023815197500151528,1.0,0.0,1.7071445592500454,fast_qiskit_v1.0,209,AI_Generated
影片描述,擁有超過30萬訂閱的YouTube頻道「民眾之聲」被爆去年350萬元抖內全數流入木可公關公司帳戶，引發爭議。台北地檢署今（25日）確認分他字案進行調查，釐清是否涉及違反《政黨法》或《政治獻金法》。黃國...,1085,484,27,4,3.9999999999769167,3.75,0.9375,0.006235893175436569,1.0,0.0,1.701870767952631,fast_qiskit_v1.0,209,AI_Generated
新聞標題,"詹姆士陷副業爭議 發5點聲明回應Chef James in Dispute, Issues 5 Statements",17,16,7,4,3.9999999999769167,3.75,0.9375,0.003446691176470588,1.0,0.0,1.701034007352941,fast_qiskit_v1.0,287,AI_Generated
影片對話,"丘秀珠指控詹姆士沒出資卻拿最大股，現在又說「產品與我無關」，這種抽身說法真的太傷人情味了，也很難讓粉絲買單。

B名嘴（法律觀察家）：
詹姆士有發五點聲明澄清，強調他沒有出資義務，且對方是主導經營的人...",124,95,20,4,3.9999999999769167,3.75,0.9375,0.007482798677508708,1.0,0.0,1.7022448396032526,fast_qiskit_v1.0,287,AI_Generated
影片描述,知名主廚詹姆士（鄭堅克）近日遭前經紀人丘秀珠提告，要求償2584萬元，指控他在創辦「詹醬有限公司」時未出資卻掌控權力，如今切割公司、撇清關係。詹姆士隨即發出五點聲明澄清，強調早在2023年底退出公司，...,1267,579,23,4,3.9999999999769167,3.75,0.9375,0.0075089049897821515,1.0,0.0,1.7022526714969346,fast_qiskit_v1.0,287,AI_Generated
新聞標題,"「疲老闆」直播遭債主闖入 警方到場調解""Snack Boss' Livestream Disrupted by Debtor, Police Intervene""",24,23,8,4,3.9999999999769167,3.75,0.9375,0.001732829237555136,1.0,0.0,1.7005198487712665,fast_qiskit_v1.0,186,AI_Generated
影片對話,"A： 這個「疲老闆」，本來是網路上頗有人氣的零食商家，結果現在搞到負債9位數，甚至連商標都被收走，你不覺得這就是典型的「錢滾錢，滾到破產」的案例嗎？

B： 沒錯，他自己也承認投資太急，之前搞海產已經...",375,206,25,4,3.9999999999769167,3.75,0.9375,0.018826593772583035,1.0,0.0,1.7056479781317748,fast_qiskit_v1.0,186,AI_Generated
影片描述,嘉義知名零食電商「疲老闆」近期陷入財務危機，負債高達9位數，經營狀況岌岌可危。昨（13日）晚間，他在賣場直播帶貨，試圖挽回業績，未料直播中途突遭債主闖入，指控詐欺，場面一度混亂，甚至驚動警方到場調解。...,1743,671,31,4,3.9999999999769167,3.75,0.9375,0.014541757564470199,1.0,0.0,1.704362527269341,fast_qiskit_v1.0,186,AI_Generated
新聞標題,"南珉貞親訪墾丁夜市 平反負評再掀熱議Nam Min-jung Visits Kenting Night Market, Clears Rumors",22,22,6,4,3.9999999999769167,3.75,0.9375,0.0,1.0,0.0,1.7,fast_qiskit_v1.0,177,AI_Generated
影片對話,"名嘴A：南珉貞這次的影片，真的很有話題性。她用實測方式來檢驗墾丁夜市的風評，這讓許多對這裡已經失去信心的觀光客重新思考。

名嘴B：的確，過去幾年墾丁夜市因為價格爭議、服務態度問題被罵得很慘。但南珉貞...",260,151,18,4,3.9999999999769167,3.75,0.9375,0.018551143168484514,1.0,0.011538461538461539,1.7067191891043914,fast_qiskit_v1.0,177,AI_Generated
影片描述,南珉貞親訪墾丁夜市 挑戰負評真相 Fubon Angels韓籍啦啦隊成員南珉貞近日親訪台灣著名的墾丁大街，並拍攝YouTube影片，揭開網路負評的真相。她發現，許多傳言與實際情況不符，例如烤玉米的價格...,1117,540,26,4,3.9999999999769167,3.75,0.9375,0.005687298675046942,1.0,0.0017905102954341987,1.7018852406320575,fast_qiskit_v1.0,177,AI_Generated
